 ,English,Vietnamese,French,
mainMenu.start  ,,,Commencer,
mainMenu.end    ,,,Fin,
mainMenu.options,,,Options,
mainMenu.Leave,"Experience complete, please place the headset back on its stand.","Trải nghiệm đã kết thúc, vui lòng đặt kính thực tế ảo trở lại giá đỡ.","Expérience terminée, merci de reposer le casque sur son support.",
,,,,
narrator.dialogue.01,"Hello, my name is Hoai, I live in the Red River Delta. It is July 23, 1926.","Xin chào, tôi tên là Hoài, tôi sống ở đồng bằng sông Hồng. Hôm nay là ngày 23 tháng 7 năm 1926.","Bonjour, je m’appelle Hoai, j’habite le delta du Fleuve rouge. Nous sommes le 23 Juillet 1926.",
narrator.dialogue.02,For a month now the water level of the river has been rising steadily.,Đã hơn một tháng nay mực nước sông không ngừng dâng cao.,Depuis un mois la hauteur d’eau du fleuve ne cesse d’augmenter.,
narrator.dialogue.03,The local authorities fear a flood…,Nhà chức trách đang bày tỏ lo ngại về một trận lũ lụt…,Les autorités locales redoutent une crue…,
narrator.dialogue.04,"Fortunately, the delta is protected by a network of dikes stretching over 2,500 kilometres, but it is difficult to maintain.","May thay, đồng bằng sông Hồng được bảo vệ bởi một mạng lưới đê điều dài hơn 2.500 ki-lô-mét, nhưng việc bảo dưỡng gặp nhiều khó khăn.","Heureusement, le delta est protégé par un réseau de digues qui fait plus de 2500 kilomètres, mais il est difficile à entretenir.",
narrator.dialogue.05,"If the dikes on the Gia Lâm side were to break, the damage to crops and homes would be enormous.","Nếu các con đê phía bờ đông bị vỡ, thiệt hại đối với mùa màng và nhà cửa sẽ rất đáng kể.","Si les digues côté Gia Lâm venaient à rompre, les dégâts seraient considérables sur les cultures et les habitations.",
narrator.dialogue.06,"I am also worried about Hà Nội, even though the dikes are better maintained and higher on this side, the city is on alert.","Tôi cũng lo ngại cho Hà Nội, dù các con đê phía này được bảo dưỡng tốt hơn và cao hơn, thành phố vẫn nằm trong mức đáng báo động.","J’ai aussi peur pour Hà Nội, même si les digues sont mieux entretenues et plus hautes de ce côté, la ville est en alerte. ",
narrator.dialogue.07,"Soon you will be able to watch the rising waters in fast-forward, but before that, let's take a closer look at Hà Nội in 1926!","Một chút nữa chúng ta sẽ cùng nhau xem cảnh nước dâng theo chế độ tua nhanh, nhưng trước đó hãy cùng ngắm nhìn Hà Nội năm 1926 một cách chi tiết hơn nào!","D’ici peu, tu vas pouvoir observer en accéléré la montée de l’eau mais avant ça, allons voir le Hà Nội de 1926 de plus près ! ",
narrator.dialogue.08,"If you get closer to some buildings, information will appear.","Hãy bước tới gần và nhấn vào một trong số các công trình phía dưới, một vài thông tin về chúng sẽ được hiển thị.","Si tu t’approches de certains bâtiments, des informations vont apparaître",
narrator.dialogue.09,"The 36 Streets quarter was already there at the time, concentrating the largest part of the population.","36 phố phường Hà Nội đã có mặt từ thời đó, tập trung phần lớn dân số của thành phố.",Le quartier des 36 corporations concentrait la plus grande partie de la population. ,
narrator.dialogue.10,Do you recognize the Presidential Palace? At the time it was white.,Bạn có nhận ra Phủ Chủ Tịch không? Hồi đó nó được sơn màu trắng.,"Tu reconnais le palais présidentiel ? A l’époque, il était blanc. ",
narrator.dialogue.11,"The Trấn Quốc Pagoda did not yet have its stupa. In the 17th century, the temple had been moved away from the banks of the Red River to protect it from floods.","Chùa Trấn Quốc lúc đó chưa có tháp. Vào thế kỷ 17, ngôi chùa đã được dời khỏi bờ sông Hồng để bảo vệ khỏi những cơn lũ.","La Pagode Trấn Quốc n’avait pas encore son stupa. Au 17e siècle, le temple avait été justement déplacé depuis les rives du Fleuve Rouge afin de le protéger des crues. ",
narrator.dialogue.12,The water is about to start rising. Watch the Red River closely.,Nước sắp bắt đầu dâng lên. Hãy nhìn kỹ xuống sông Hồng.,"L’eau va commencer à monter, regarde bien le fleuve rouge.",
narrator.dialogue.13,"The Red River level is almost at 10 metres, it's enormous!","Mực nước sông Hồng đã chạm gần 10 mét, thật đáng sợ!","La hauteur du fleuve Rouge est presque à 10 mètres, c’est énorme !","Catastrophe ! Le fleuve Rouge va bientôt atteindre 12 mètres. 2 mètres en 2 jours, c’est énorme !"
narrator.dialogue.14,Reinforcement dikes are being built on the Hanoi side.,Các đê gia cố đang được xây dựng ở phía Hà Nội.,Des diguettes de renfort sont en train d’être construites du côté de Hà Nội.,Des diguettes de renfort sont en train d’être construites du côté de Hà Nội.
narrator.dialogue.15,"Catastrophe! The Red River will soon reach 12 metres. 2 metres in 2 days, it's enormous! The pressure is too strong, the old Gia Quất dike will not hold much longer…","Nguy kịch quá! Sông Hồng sắp đạt 12 mét. Đó là 2 mét trong 2 ngày, vô cùng kinh khủng! Áp lực nước đang là quá lớn, đê Gia Quất cũ sắp vỡ…","Catastrophe ! Le fleuve Rouge va bientôt atteindre 12 mètres. 2 mètres en 2 jours, c’est énorme ! La pression est trop forte, l’ancienne digue de Gia Quất ne va pas tarder à céder...","La pression est trop forte, l’ancienne digue de Gia Quất ne va pas tarder à céder…"
narrator.dialogue.16,What a tragedy.. the old Gia Quất dike has just collapsed.,Thật không may làm sao... đê Gia Quất cũ vừa bị vỡ.,Quel malheur.. l’ancienne digue de Gia Quất vient de céder.,
narrator.dialogue.17,"Look at what is happening on the sandbank! The thatched huts are being flooded. Let's go closer, click on the circle to see the scene at eye level!","Hãy nhìn xem chuyện gì đang xảy ra trên bãi bồi! Những túp lều tranh đang bị ngập nước. Cùng lại gần hơn nào, nhấp vào vòng tròn để xem khung cảnh cận mắt!","Regarde ce qu’il se passe sur le banc de sable ! Les paillotes sont en train d’être inondées. Allons voir ça de plus près, clique sur le cercle pour regarder la scène à hauteur d'homme !",
narrator.dialogue.18,Look at the new Gia Quất dike!,Hãy nhìn con đê Gia Quất mới kìa!,Regarde la nouvelle digue de Gia Quất ! ,
narrator.dialogue.19,"The new Gia Quất dike has just broken! But it is not over, look at the ones at Ái Mộ and Lâm Du.","Đê Gia Quất mới vừa bị vỡ! Nhưng còn nữa, hãy nhìn tiếp những đê ở Ái Mộ và Lâm Du.","La nouvelle digue de Gia Quất vient de rompre ! Mais ce n’est pas terminé, regarde celles de Ái Mộ et Lâm Du. ",
narrator.dialogue.20,"The dikes at Ái Mộ and Lâm Du have just broken! It is terrible, Gia Lâm is flooded. Troops are being sent to rescue the inhabitants.","Nhiều đoạn đê phía bờ đông cũng vừa bị vỡ! Thật tồi tệ, cả một vùng tả ngạn đã bị ngập. Quân đội đang được điều động để cứu hộ người dân.","Les digues de Ái Mộ et Lâm Du viennent de rompre ! C’est terrible, Gia Lâm est inondé. Des troupes sont envoyées pour sauver les habitants. ",
narrator.dialogue.21,"Look, the river level is 60 cm above the quay in Hà Nội. Emergency dikes have been built to prevent flooding. Click on the circle to see the scene at eye level!",Nhìn kìa. Mực nước sông đã cao hơn 60 xăng-ti-mét so với bến tàu tại Hà Nội. Các bờ bao cát dã chiến đang được đắp lên khẩn trương để ngăn lũ. Nhấp vào vòng tròn để xem cảnh này cận mắt!,"Regarde, le niveau du fleuve est 60 cm au-dessus du quai à Hà Nội. Des diguettes ont été construites en urgence pour empêcher l'inondation. Clique sur le cercle pour regarder la scène à hauteur d'homme !",
narrator.dialogue.22,"It is terrible, the provinces of Bắc Ninh and parts of Hưng Yên, Hải Dương and Thái Binh are flooded!","Toàn tỉnh Bắc Ninh và một phần các tỉnh Hưng Yên, Hải Dương và Thái Bình đang chìm trong biển nước, thật tồi tệ làm sao!","C’est terrible, les provinces de Bắc Ninh et une partie des provinces de Hưng Yên, Hải Dương et Thái Binh sont inondées !",
narrator.dialogue.23,The authorities are urgently mobilising resources to help flood victims. Gia Lâm is completely flooded. The railway line has been cut between Hà Nội and Hải Phòng. Click on the circle to see it at eye level.,Các cơ quan chức năng đang khẩn trương huy động mọi nguồn lực để giúp đỡ người dân gặp nạn. Cả vùng tả ngạn đã chìm trong biển nước. Tuyến đường sắt giữa Hà Nội và Hải Phòng bị cắt đứt. Nhấn vào vòng tròn để được xem trực tiếp.,Les autorités mobilisent en urgence des moyens pour aider les sinistrés. Gia Lâm est complètement inondée. La voie ferrée a été coupée entre Hà Nội et Hải Phòng. Clique sur le cercle pour regarder ça à hauteur d'homme.,
narrator.dialogue.24,"The flood is finally calming down, what a relief. It will take several weeks for the river to return to its bed and 3 months to seal the breach at Lâm Du!","Lũ cuối cùng cũng đang lắng xuống, nhẹ nhõm thay. Sẽ mất vài tuần để sông Hồng có thể trở về lòng sông cũ và 3 tháng để hàn kín vết vỡ trên các tuyến đê!","La crue se calme enfin, ouf. Il faudra plusieurs semaines pour que le fleuve rentre dans son lit et 3 mois pour colmater la brèche de Lâm Du !",
narrator.dialogue.25,This is the level of a normal monsoon.,Đây là mức nước của một mùa mưa bình thường.,"Là, c’est le niveau d’une mousson normale.",
narrator.dialogue.26,See how just a few days of rain can change everything.,"Nhìn xem, chỉ vài ngày mưa mà có thể thay đổi mọi thứ như thế nào.",Regarde comme quelques jours de pluie peuvent tout changer. ,
narrator.dialogue.27,The Red River has reached nearly 12 metres in Hà Nội. That is twice the alert threshold!,Sông Hồng đã đạt gần 12 mét tại Hà Nội. Đó là gấp đôi ngưỡng báo động!,Le fleuve rouge a atteint près de 12 mètres à Hà Nội. C’est deux fois le seuil d’alerte ! ,
narrator.dialogue.28,"In Gia Lâm, there were more than two thousand disaster victims and around a hundred people lost their lives. In the Red River Delta, many villages and 220,000 hectares of rice fields were flooded.","Ở vùng tả ngạn, hơn hai nghìn người chịu ảnh hưởng của cơn lũ và khoảng một trăm người đã thiệt mạng. Còn tại đồng bằng sông Hồng, nhiều làng mạc và 220.000 héc-ta ruộng lúa đã bị ngập lụt.","À Gia Lâm, il y a eu plus de deux milles sinistrés et une centaine de personnes ont perdu la vie. Dans le delta du fleuve Rouge, de nombreux villages et 220 000 hectares de rizières ont été inondés. ",
narrator.dialogue.29,"Following this flood, 800 kilometres of dikes were raised and the riverbanks were reinforced with stone.","Sau trận lũ này, 800 ki-lô-mét đê điều đã được xây cao lên và các bờ sông được gia cố bằng đá.","A la suite de cette crue, 800 kilomètres de digues ont été réhaussés, et les berges des fleuves empierrées.",
narrator.dialogue.30,"This reinforcement proved effective - during the subsequent floods between 1926 and 1937, the strengthened dikes held!","Biện pháp gia cố này đã chứng tỏ hiệu quả – trong các trận lũ tiếp theo từ năm 1926 đến 1937, các tuyến đê được gia cố vẫn trụ vững!","Ce renforcement a été efficace, lors des crues suivantes entre 1926 et 1937, les digues renforcées ont tenu ! ",
narrator.dialogue.31,"Learning to live with the river, that is the challenge of water management! We learn from the past, we reinforce the structures, we anticipate. The river, for its part, never stops.","Con sông chưa bao giờ ngừng chảy. Vì vậy, quản lý nước luôn là một thách thức lâu dài: rút kinh nghiệm từ quá khứ, gia cố các công trình và chủ động dự liệu, phòng ngừa từ sớm.","Apprendre à vivre avec le fleuve, c’est ça le défi de l'aménagement hydraulique ! On apprend du passé, on renforce les ouvrages, on anticipe. Le fleuve, lui, ne s'arrête jamais.",
narrator.dialogue.32,"In the past, there was talk of levelling the dikes, but that debate is closed. If we want to protect cities, villages, factories, fields and roads, we must always maintain and consolidate the dikes.","Trước đây, từng có ý kiến cho rằng nên phá bỏ các tuyến đê, nhưng cuộc tranh luận ấy nay đã khép lại. Đối với đồng bằng sông Hồng, nếu muốn bảo vệ các thành phố, làng mạc, nhà máy, đồng ruộng và đường sá, chúng ta phải luôn duy tu và củng cố hệ thống đê điều.","Avant, il était question d'arraser les digues, mais ce débat est clos. Si l’on veut protéger les villes, les villages, les usines, les champs et les routes il faut toujours entretenir et consolider les digues.",
narrator.dialogue.33,"The proof: today the average height of the dikes is 17 metres above sea level, nearly 4 metres more than in 1926.","Và ngày nay, hệ thống ấy đã mạnh hơn năm 1926 rất nhiều: đê được nâng cấp, gia cố vững chắc, kết hợp với các hồ chứa lớn ở thượng nguồn cùng mạng lưới quan trắc và điều tiết dòng chảy, nhờ đó công tác phòng chống lũ ngày càng được quản lý chủ động và bài bản. Bằng chứng là hiện tại, chiều cao trung bình của các con đê là 17 mét so với mực nước biển, tức là gần 4 mét cao hơn so với năm 1926.","La preuve : aujourd'hui, la hauteur moyenne des digues est de 17 mètres par rapport au niveau de la mer soit près de 4 mètres de plus qu’en 1926.",
narrator.dialogue.34,"There you go, now you know more about this flood and the complexities of water management.",Vậy là giờ bạn đã có thêm những kiến thức về trận lũ lịch sử này cùng với những thách thức trong công tác quản lý nước.,"Voilà, maintenant tu en sais plus sur cette crue mais aussi sur les complexités de la gestion hydraulique.",
narrator.dialogue.35,"If you wish, you can continue to explore the map. When you are done, remember to place the VR headset back on its stand. Goodbye!","Nếu muốn, bạn có thể tiếp tục khám phá bản đồ. Khi nào sử dụng xong, đừng quên đặt kính thực tế ảo trở lại giá đỡ nhé. Tạm biệt!","Si tu le souhaites, tu peux continuer à explorer la carte. Quand tu auras terminé, pense bien à reposer le casque sur son support. Au revoir ! ",
,,,,
narrator.dialogue.diorama1.01,"Here, the water has invaded the homes. Residents must use boats to get around, the inhabitants are being evacuated!","Ở đây, nước đã tràn vào nhà cửa. Người dân phải dùng thuyền để di chuyển, các hộ dân đang được sơ tán!","Ici l'eau a envahi les habitations. Les résidents doivent utiliser des barques pour se déplacer, les habitants sont en train d'être évacués ! ",
narrator.dialogue.diorama1.02,"On July 27, the thatched huts along the Red River on the Hà Nội side had already been evacuated. All the people had been relocated to the old cotton mill in Hà Nội.","Ngày 27 tháng 7, những cư dân sống dọc sông Hồng phía Hà Nội đã được sơ tán. Tất cả mọi người đã được chuyển đến nhà máy bông cũ ở Hà Nội.","Le 27 juillet, les paillotes au bord du Fleuve Rouge côté Hà Nội ont déjà été évacuées. Toutes les personnes ont été installées dans l'ancienne filature de coton de Hà Nội.",
narrator.dialogue.diorama1.03,Let's go back to watch the flood - the water keeps rising.,Mực nước của cơn lũ vẫn còn đang lên - hãy quay lại để quan sát tiếp nào.,"Retournons voir la crue, l’eau continue à monter. ",
narrator.dialogue.diorama2.01,"The water is really high, impressive! The emergency dikes were built by more than 250 people in record time.","Nước thật sự rất cao, thật đáng kinh ngạc! Các tuyến đê khẩn cấp đã được hơn 250 người xây lên trong thời gian kỷ lục.","L’eau est vraiment haute, c’est impressionnant ! Les diguettes ont été construites par plus de 250 personnes en un temps record.",
narrator.dialogue.diorama2.02,"On the Gia Lâm side, the dikes were shorter and less well maintained. Perhaps if they had not given way and released part of the floodwaters, Hà Nội would have been flooded.","Ở phía Gia Lâm, các con đê thấp hơn và ít được bảo dưỡng hơn. Có lẽ nếu chúng không bị vỡ và giải phóng một phần nước lũ, Hà Nội đã bị ngập lụt.","Du côté de Gia Lâm, les digues étaient moins hautes et moins bien entretenues. Peut-être que si elles n’avaient pas cédé et libéré une partie des flots, Hà Nội aurait été inondé.",
narrator.dialogue.diorama3.01,"The river level is truly impressive, the water has swept everything in its path!","Mực nước sông đáng sợ thật đó, chúng cuốn trôi tất cả mọi thứ trên đường đi!","Le niveau du fleuve est vraiment impressionnant, l’eau a tout emporté sur son passage ! ",
narrator.dialogue.diorama3.02,Getting passengers to Hải Phòng requires alternating between boat and train. Repairing the line will demand a great deal of manpower.,Việc đưa hành khách đến Hải Phòng phải kết hợp luân phiên giữa tàu thuyền và xe lửa. Khôi phục tuyến đường sắt sẽ đòi hỏi rất nhiều nhân lực.,Le transport des voyageurs vers Hải Phòng nécessite d’alterner bateau et train. La réparation de la ligne va demander beaucoup de main d'œuvre. ,
,,,,
narrator.dialogue.diorama4.01,"This neighborhood is a purely Vietnamese commercial enclave, contrasting with the French Quarter to the south, with its wide boulevards.","Khu vực này là một không gian đậm nét Việt, sầm uất với các hoạt động thương mại, tạo nên sự tương phản với khu phố Pháp ở phía nam, nổi bật với những đại lộ rộng lớn."," Ce quartier est une enclave purement vietnamienne et commerçante, contrastant avec le « Quartier Français » aux larges boulevards situé plus au sud.",
narrator.dialogue.diorama4.02,"Here, the streets are narrower and bear the name of the guild that once worked there: the embroiderers' street, the paper merchants', the blacksmiths'…","Ở đây, đường xá hẹp hơn và phố phường được mang tên của các làng nghề truyền thống của chúng: Hàng Thêu, Hàng Giấy, hay Phố Lò Rèn...","Ici, les rues sont plus étroites et portent le nom de la corporation qui y travaillait : la rue des brodeurs, celle des marchands de papier, celle des forgerons…",
narrator.dialogue.diorama4.03,"The tram network was established at the turn of the century, connecting the city through several lines, including the one running from Hoan Kiem Lake to Đồng Xuân market. The last line will stop running in 1993.","Hệ thống xe điện được đưa vào hoạt động từ đầu thế kỷ 20, với nhiều tuyến kết nối các khu vực trong thành phố, trong đó có tuyến từ hồ Hoàn Kiếm đến chợ Đồng Xuân. Tuyến xe điện cuối cùng ngừng hoạt động vào năm 1993.","Le tramway fut mis en place au début du siècle et reliait la ville avec plusieurs lignes, notamment celles allant du lac Hoan Kiem au marché de Đồng Xuân. La dernière ligne s’arrêtera en 1993.",
narrator.dialogue.diorama4.04,Let's head back to the city.,"Được rồi, giờ cùng nhau quay lại nào.",Retournons voir la ville.,
,,,,
month.January,January,Tháng Một,Janvier,
month.February,February,Tháng Hai,Février,
month.March,March,Tháng Ba,Mars,
month.April,April,Tháng Tư,Avril,
month.May ,May,Tháng Năm,Mai,
month.June,June,Tháng Sáu,Juin,
month.July,July,Tháng Bảy,Juillet,
month.August,August,Tháng Tám,Août,
month.September ,September,Tháng Chín,Septembre,
month.October ,October,Tháng Mười,Octobre,
month.November,November,Tháng Mười Một,Novembre,
month.December,December,Tháng Mười Hai,Décembre,
,,,,
,,,,
Red.River.Title,Red River,Sông Hồng,Fleuve Rouge,
Red.River.DrySeason,Dry season level,Mức nước mùa khô,Niveau saison sèche,
Red.River.SpringRise,Spring rise,Nước dâng mùa xuân,Montée printanière,
Red.River.MonsoonLevel,Normal rainy season level,Mức độ mùa mưa bình thường,Niveau saison des pluies normal,
Red.River.MajorFlood,Major flood,Lũ lớn,Crue importante,
Red.River.ExtremeFlood,Extreme flood,Lũ cực đoan,Crue exceptionnelle,
Red.River.1926Peak,1926 flood peak,Đỉnh lũ năm 1926,Pic de la crue 1926,
,,,,
,,,,
poi.opera,Opera,Nhà hát,Opéra,
,,,,
poi.Presidential.Palace,Palace of the Governor-General of Indochina\n(Presidential Palace)\n1906,Phủ Toàn quyền Đông Dương \n(Phủ Chủ tịch)\n1906,Palais Puginier\n(Palais présidentiel)  \n1906,
poi.One.Pillar.Pagoda,One Pillar Pagoda\n11th century,Chùa Một Cột\nThế kỷ 11,Pagode au pilier unique\nXIe siècle ,
poi.North.Gate,North Gate\n1803,Cửa Bắc\n1803,La porte Nord\n1803,
poi.Hanoi.City.Hall,Hanoi City Hall\n(People's Committee of Hanoï City)\n20th century,Tòa Thị Chính Hà Nội\n(Ủy ban nhân dân thành phố Hà Nội) \nThế kỷ 20,Mairie de Hanoï\n(Commité populaire de Hanoï)\nXXe siècle ,
poi.Water.Tower,Water Tower\n1894,Bốt Hàng Đậu\n1894,Chateau d'eau\n1894,
poi.Temple.of.Literature,Temple of Literature\n1070,Văn Miếu - Quốc Tử Giám\n1070,Temple de la littérature \n1070,
poi.Exhibition.Park,Exhibition Park\n1902,Nhà Đấu xảo\n(Cung Văn hoá Hữu Nghị Hà Nội)\n1902,Parc des expositions\n1902,
poi.Hanoi.Opera.House,Hanoi Opera House\n1910,Nhà hát Lớn Hà Nội\n1910,Opéra de Hanoï\n1910,
poi.Sofitel.Legend.Metropole.Hanoi,Sofitel Legend Metropole Hanoi\n1901,Khách sạn Metropole Hà Nội\n1901,Sofitel Legend Métropole Hanoï\n1901,
poi.Tran.Quoc.Pagoda,Trấn Quốc Pagoda\n6th century,Chùa Trấn Quốc\nThế kỷ 6,Pagode Trấn Quốc \nVIe siècle,
poi.National.Library,Central library of Indochina\n(National Library of Vietnam)\n1917,Thư viện Trung ương Đông Dương\n(Thư viện Quốc gia Việt Nam)\n1917,Bibliothèque Centrale de l’Indochine\n(Bibliothèque nationale du Vietnam)\n1917,
poi.Ngoc.Son.Temple,Ngọc Sơn Temple\n15th century ,Đền Ngọc Sơn\nThế kỷ 15,Temple Ngọc Sơ\nXVe siècle,
poi.Turtle.Tower,Turtle Tower\n1886,Tháp Rùa\n1886,Tour de la Tortue\n1886,
poi.Imperial.Citadel.of.Thang.Long,Imperial Citadel of Thang Long\n1010,Hoàng thành Thăng Long\n1010,Cité impériale de Thang Long\n1010 ,
poi.Quan.Thanh.Temple,Quan Thanh Temple\n11th century,Đền Quán Thánh\nThế kỷ 11,Pagode du grand bouddha\n(Temple Quán Thánh) \nXIe sicèle,
poi.Hoa.Lo.Prison,Hoa Lo Prison\n1901,Nhà tù Hỏa Lò\n1901,Prison Hỏa Lò\n1901,
poi.Saint.Josephs.Cathedral,Saint Joseph's Cathedral\n1886,Nhà thờ lớn Hà Nội\n1886,Cathédrale Saint-Joseph de Hanoï\n1886,
poi.Long.Bien.Bridge,Doumer Bridge\n(Long Bien Bridge)\n1903,Cầu Paul Doumer\n(Cầu Long Biên)\n1903,Pont Paul-Doumer \n(Pont Long Biên)\n1903,
poi.Palace.of.the.Resident.Superior.of.Tonkin,Palace of the Resident Superior of Tonkin\n(Tonkin Palace)\n1919,Dinh Thống sứ Bắc Kỳ\n(Nhà khách Chính Phủ)\n1919,Palais du Résident Supérieur du Tonkin \n(Palais du Tonkin)\n1919,
poi.Indochinese.University,Vietnam National University\n(Hanoi Indochinese University)\n1906 ,Đại học Đông Dương\n(Đại học Quốc Gia Hà Nội)\n1906,Université nationale du Vietnam de Hanoï\n(Université indochinoise)\n1906,
poi.Kim.Ngân.Temple ,Kim Ngân Temple\n16th century,Đình Kim Ngân\nThế kỷ 16,Temple Kim Ngân\nXVIe siècle,
poi.Bach.Ma.Temple ,Bạch Mã Temple\n9th century,Đền Bạch Mã\nThế kỷ 9,Temple Bạch Mã\nIXe siècle\n,
poi.Lycée.Albert.Sarraut,Lycée Albert Sarraut\n(Trần Phú - Hoàn Kiếm High School)\n1919,Trường Albert Sarraut\n(Trường Trung học phổ thông Trần Phú)\n1919,Lycée Albert Sarraut\n(Lycée Trần Phú)\n1919,
poi.Hang.Co.Railway.Station,Hang Co Railway Station\n(Hanoi central station) \n1902,Ga Hàng Cỏ\n(Ga Hà Nội)\n1902,Gare Hàng Co\n(Gare de Hanoï)\n1902,
poi.HanoiCourtHouse,Hanoi Courthouse\n(Supreme People's Court of Vietnam)\n1906,Tòa Án Hà Nội\n(Tòa án nhân dân tối cao Việt Nam)\n1906,Palais de Justice de Hanoï\n(Cour populaire suprême du Vietnam)\n1906,
poi.Police.Headquarters,"
Police Headquarters\n19th century",Công an quận Hoàn Kiếm\nThế kỷ 19,Commissariat du 1er Arrondissement\nXIXe siècle,
poi.Protectorate.College,College of the Protectorate\n(Chu Van An High School)\n1908,Trường Trung học Bảo hộ\n(Trường Trung học phổ thông Chuyên Chu Văn An)\n1908,Lycée du Protectorat\n(Le lycée Chu Van An)\n1908,
poi.Gia.Lam.station,Gia Lâm station\n1902,Ga Gia Lâm\n1902,Gare de Gia Lâm\n1902,
poi.DongXuan.Market,Đồng Xuân Market\n1889,Chợ Đồng Xuân\n1889,Marché Đồng Xuân\n1889,
poi.GirlHighSchool,Girls' High School\n(Ministry of justice)\n20th Century ,Trường nữ học Pháp\n(Bộ Tư pháp)\nThế kỷ 20,Lycée des Jeunes Filles\n(Ministère de la justice)\nXXème ,
poi.Sandbank,Sandbank,Bãi Cát,Banc de Sable,
,,,,
,,,,
,,,,
Image.Legend.GiaLam,"Reconstruction and elevation of the Gia Lâm dyke, Tonkin (1926)","Đắp đê Gia Lâm, Bắc Kỳ (1926)","Renforcement et élévation de la digue de Gia Lâm, Tonkin (1926)",
Image.Legend.NewDyke,"Contemporary view of the Red River dyke, Hanoi (2000s–2010s)","Triền đê sông Hồng thời hiện đại, Hà Nội (Thập niên 2000–2010)","Vue contemporaine de la digue du Fleuve Rouge, Hanoï (Années 2000–2010)",
,,,,
cityversion.narrator.dialogue.01,"Hello, my name is Hoai, I live in Hà Nội. It is 1926.","Xin chào, tôi tên là Hoài, tôi sống ở Hà Nội và chúng ta đang nhìn thành phố vào năm 1926.","Bonjour, je m’appelle Hoai, j’habite Hà Nội. Nous sommes en 1926. ",
cityversion.narrator.dialogue.02,"The Red River Delta was already, at the time, a densely populated region. Its lands made fertile by the river's alluvial deposits were cultivated by many peasants.","Ngay từ những ngày đó, đồng bằng sông Hồng đã là một vùng đất đông dân cư. Họ sống và canh tác trên những cánh đồng được bồi đắp phù sa màu mỡ từ sông Hồng.","Le delta du Fleuve Rouge était déjà, à l'époque, une région densément peuplée. Ses terres rendues fertiles par les alluvions du fleuve Rouge, étaient exploitées par de nombreux paysans.",
cityversion.narrator.dialogue.03,"This is where Hà Nội was built along the banks of the Red River, more than 1,000 years ago.","Chính tại nơi đây, Hà Nội đã được hình thành bên bờ sông Hồng cách đây hơn 1000 năm","C’est ici que Hà Nội s’est construite en bordure du fleuve rouge, il y a plus de 1000 ans.",
cityversion.narrator.dialogue.04,"In 1926, Vietnam was governed by the French colonial authorities, and Hà Nội was the administrative capital. The city had approximately 120,000 inhabitants.","Năm 1926, Việt Nam nằm dưới sự cai quản của chính quyền thực dân Pháp. Khi đó, Hà Nội là trung tâm hành chính của toàn cõi Đông Dương. Thành phố có khoảng 120.000 cư dân.","En 1926, le Vietnam est régi par les autorités coloniales françaises, Hà Nội est alors la capitale administrative. La ville comptait plus ou moins 120 000 habitants. ",
cityversion.narrator.dialogue.05,"Here you can see the Paul Doumer Bridge, inaugurated in 1903. At the time, it was one of the longest bridges in the world and connected the city centre to the eastern bank of the river, the Gia Lâm area.","Đây là cầu Paul Doumer, hay chính là cầu Long Biên ngày nay. Nó được khánh thành vào năm 1903 và là một trong những cây cầu dài nhất thế giới thời đó. Cây cầu kết nối trung tâm thành phố với bờ đông sông Hồng, khu vực Gia Lâm.","Ici tu peux voir le pont Paul-Doumer, inauguré en 1903. Il était à l’époque l’un des ponts les plus longs du monde et reliait le centre-ville à la rive est du fleuve, la zone de Gia Lâm. ",
cityversion.narrator.dialogue.06,This rural area consisted mainly of villages organised around rice paddies.,Vùng nông thôn này chủ yếu bao gồm các làng quê hình thành và phát triển quanh những cánh đồng lúa.,Cette zone rurale était essentiellement constituée de villages organisés autour des rizières. ,
cityversion.narrator.dialogue.07,"This railway line that you see here connected Hà Nội to the north of the country, but also to Yunnan in China.","Tuyến đường sắt mà bạn đang thấy kết nối Hà Nội không chỉ với các tỉnh phía bắc của Tổ quốc mà còn kéo dài lên đến Vân Nam, Trung Quốc.","Cette ligne de chemin de fer que tu vois ici, reliait Hà Nội au nord du pays, mais aussi au Yunnan en Chine.",
cityversion.narrator.dialogue.08,"Now, let us take the time to look at Hà Nội in more detail.","Tiếp theo, chúng ta hãy cùng tìm hiểu Hà Nội một cách chi tiết hơn.","Maintenant, prenons le temps de regarder Hà Nội plus en détail.  ",
cityversion.narrator.dialogue.09,"You can lean down to see the city up close. If you approach certain buildings, information will appear.","Bạn có thể cúi người xuống để quan sát thành phố cụ thể hơn. Nếu bạn tiến lại gần một số công trình và trỏ tay vào chúng, thông tin sẽ được hiện ra.","Tu peux te baisser pour voir de plus près la ville. Si tu t’approches de certains bâtiments, des informations vont apparaître.",
cityversion.narrator.dialogue.10,"You can clearly make out the footprint of the ancient citadel. Some of its ramparts still exist today, such as the Cua Bac gate here.","Có thể dễ dàng nhận thấy dấu ấn của Hoàng thành xưa. Một số đoạn thành và cổng thành vẫn còn tồn tại, như Cửa Bắc mà bạn thấy tại đây.",On distingue bien l’empreinte de l’ancienne citadelle. Certains de ses remparts existent encore comme la porte de Cua bac ici. ,
cityversion.narrator.dialogue.11,The 36 Streets quarter concentrated the largest part of the local population. It was the true Vietnamese heart of the city.,Khu 36 phố phường là nơi tập trung phần lớn cư dân bản địa. Đây chính là trung tâm sinh hoạt và giao thương của người Việt trong thành phố.,Le quartier des 36 corporations concentrait la plus grande partie de la population locale.  C’était le véritable cœur vietnamien de la ville.,
cityversion.narrator.dialogue.12,Let us take a closer look. Press the circle to discover the street at eye level.,Cùng nhau tham quan trực tiếp nó nào. Nhấn vào vòng tròn để được bước vào phố và quan sát.,"Allons voir ça de plus près, appuie sur le cercle pour découvrir la rue à hauteur d’homme.",
cityversion.narrator.dialogue.13,"Here stretches the colonial city, the current French quarter. You could already find there the opera house, the Métropole hotel and the palace of the Resident Superior.","Đây là khu đô thị thuộc địa, nay là khu phố Pháp. Khi đó, nơi đây đã hiện diện những công trình như Nhà hát Lớn, khách sạn Métropole và Dinh Thống sứ Bắc Kỳ.","Ici s’étend la ville coloniale, l’actuel quartier français. On y trouvait déjà, l’opéra, l'hôtel Métropole et le palais du Résident supérieur.",
cityversion.narrator.dialogue.14,"Do you recognise the Presidential Palace? At the time, it was white and housed the Governor-General of Indochina.","Bạn có nhận ra Phủ Chủ Tịch không? Vào thời đó, nó được sơn màu trắng, đồng thời cũng là nơi sinh hoạt và làm việc của Toàn quyền Đông Dương.","Tu reconnais le palais présidentiel ? A l’époque, il était blanc et abritait le gouverneur général d’Indochine.",
cityversion.narrator.dialogue.15,"The Trấn Quốc Pagoda did not yet have its stupa. In the 17th century, the temple had been moved from the banks of the Red River to protect it from floods.","Chùa Trấn Quốc lúc đó chưa có tháp. Vào thế kỷ 17, ngôi chùa đã được dời khỏi bờ sông Hồng để bảo vệ khỏi những trận lũ.","La pagode Trấn Quốc n’avait pas encore son stupa. Au 17e siècle, le temple avait été  déplacé depuis les rives du fleuve Rouge afin de le protéger des crues.",
cityversion.narrator.dialogue.16,"Here is a brief, non-exhaustive tour of the city at the time. In 1926, Hà Nội was a city still under construction.","Vừa rồi là cái nhìn khái quát về Hà Nội thời bấy giờ. Năm 1926, Hà Nội vẫn là một thành phố đang trong quá trình xây dựng và phát triển.","Voici un petit tour non exhaustif de la ville à l’époque. En 1926, Hà Nội était une ville toujours en construction. ",
cityversion.narrator.dialogue.17,"Even though the city has changed a great deal today, you can still recognise its heart and the foundations upon which it was built.","Dù thành phố ngày nay đã chuyển mình rất nhiều, bạn vẫn có thể nhận ra trung tâm lịch sử của thành phố và những nền tảng đã làm nên diện mạo của Hà Nội hôm nay.","Même si aujourd’hui la ville à beaucoup changé, tu peux encore reconnaître son cœur et les fondations sur lesquelles elle s’est construite.",
cityversion.narrator.dialogue.18,"If you wish, you can continue to explore the map.","Nếu muốn, bạn có thể tiếp tục khám phá bản đồ.","Si tu le souhaites, tu peux continuer à explorer la carte. ",
cityversion.narrator.dialogue.19,"When you are done, remember to place the headset back on its stand.","Còn khi nào bạn đã xong, nhớ đặt kính thực tế ảo trở lại giá đỡ nhé. ","Quand tu auras terminé, pense bien à reposer le casque sur son support. ",
cityversion.narrator.Goodbye,Goodbye!,Tạm biệt!,Au revoir !,
